USE [master]
GO
/****** Object:  Database [Test]    Script Date: 15.03.2020 20:33:42 ******/
CREATE DATABASE [Test]
 CONTAINMENT = NONE
 ON  PRIMARY 
( NAME = N'Test', FILENAME = N'C:\Program Files\Microsoft SQL Server\MSSQL12.MSSQLSERVER\MSSQL\DATA\Test.mdf' , SIZE = 5120KB , MAXSIZE = UNLIMITED, FILEGROWTH = 1024KB )
 LOG ON 
( NAME = N'Test_log', FILENAME = N'C:\Program Files\Microsoft SQL Server\MSSQL12.MSSQLSERVER\MSSQL\DATA\Test_log.ldf' , SIZE = 2048KB , MAXSIZE = 2048GB , FILEGROWTH = 10%)
GO
ALTER DATABASE [Test] SET COMPATIBILITY_LEVEL = 140
GO
IF (1 = FULLTEXTSERVICEPROPERTY('IsFullTextInstalled'))
begin
EXEC [Test].[dbo].[sp_fulltext_database] @action = 'enable'
end
GO
ALTER DATABASE [Test] SET ANSI_NULL_DEFAULT OFF 
GO
ALTER DATABASE [Test] SET ANSI_NULLS OFF 
GO
ALTER DATABASE [Test] SET ANSI_PADDING OFF 
GO
ALTER DATABASE [Test] SET ANSI_WARNINGS OFF 
GO
ALTER DATABASE [Test] SET ARITHABORT OFF 
GO
ALTER DATABASE [Test] SET AUTO_CLOSE OFF 
GO
ALTER DATABASE [Test] SET AUTO_SHRINK OFF 
GO
ALTER DATABASE [Test] SET AUTO_UPDATE_STATISTICS ON 
GO
ALTER DATABASE [Test] SET CURSOR_CLOSE_ON_COMMIT OFF 
GO
ALTER DATABASE [Test] SET CURSOR_DEFAULT  GLOBAL 
GO
ALTER DATABASE [Test] SET CONCAT_NULL_YIELDS_NULL OFF 
GO
ALTER DATABASE [Test] SET NUMERIC_ROUNDABORT OFF 
GO
ALTER DATABASE [Test] SET QUOTED_IDENTIFIER OFF 
GO
ALTER DATABASE [Test] SET RECURSIVE_TRIGGERS OFF 
GO
ALTER DATABASE [Test] SET  DISABLE_BROKER 
GO
ALTER DATABASE [Test] SET AUTO_UPDATE_STATISTICS_ASYNC OFF 
GO
ALTER DATABASE [Test] SET DATE_CORRELATION_OPTIMIZATION OFF 
GO
ALTER DATABASE [Test] SET TRUSTWORTHY OFF 
GO
ALTER DATABASE [Test] SET ALLOW_SNAPSHOT_ISOLATION OFF 
GO
ALTER DATABASE [Test] SET PARAMETERIZATION SIMPLE 
GO
ALTER DATABASE [Test] SET READ_COMMITTED_SNAPSHOT OFF 
GO
ALTER DATABASE [Test] SET HONOR_BROKER_PRIORITY OFF 
GO
ALTER DATABASE [Test] SET RECOVERY FULL 
GO
ALTER DATABASE [Test] SET  MULTI_USER 
GO
ALTER DATABASE [Test] SET PAGE_VERIFY CHECKSUM  
GO
ALTER DATABASE [Test] SET DB_CHAINING OFF 
GO
ALTER DATABASE [Test] SET FILESTREAM( NON_TRANSACTED_ACCESS = OFF ) 
GO
ALTER DATABASE [Test] SET TARGET_RECOVERY_TIME = 0 SECONDS 
GO
ALTER DATABASE [Test] SET DELAYED_DURABILITY = DISABLED 
GO
EXEC sys.sp_db_vardecimal_storage_format N'Test', N'ON'
GO
ALTER DATABASE [Test] SET QUERY_STORE = OFF
GO
USE [Test]
GO
/****** Object:  Table [dbo].[Articles]    Script Date: 15.03.2020 20:33:42 ******/
SET ANSI_NULLS ON
GO
SET QUOTED_IDENTIFIER ON
GO
CREATE TABLE [dbo].[Articles](
	[Id] [int] IDENTITY(1,1) NOT NULL,
	[Subject] [nvarchar](255) NOT NULL,
 CONSTRAINT [PK_Articles] PRIMARY KEY CLUSTERED 
(
	[Id] ASC
)WITH (PAD_INDEX = OFF, STATISTICS_NORECOMPUTE = OFF, IGNORE_DUP_KEY = OFF, ALLOW_ROW_LOCKS = ON, ALLOW_PAGE_LOCKS = ON) ON [PRIMARY]
) ON [PRIMARY]
GO
/****** Object:  Table [dbo].[Articles_Tags]    Script Date: 15.03.2020 20:33:43 ******/
SET ANSI_NULLS ON
GO
SET QUOTED_IDENTIFIER ON
GO
CREATE TABLE [dbo].[Articles_Tags](
	[ArticleId] [int] NOT NULL,
	[TagId] [int] NOT NULL
) ON [PRIMARY]
GO
/****** Object:  Table [dbo].[Tags]    Script Date: 15.03.2020 20:33:43 ******/
SET ANSI_NULLS ON
GO
SET QUOTED_IDENTIFIER ON
GO
CREATE TABLE [dbo].[Tags](
	[Id] [int] IDENTITY(1,1) NOT NULL,
	[Name] [nvarchar](50) NOT NULL,
 CONSTRAINT [PK_Tags] PRIMARY KEY CLUSTERED 
(
	[Id] ASC
)WITH (PAD_INDEX = OFF, STATISTICS_NORECOMPUTE = OFF, IGNORE_DUP_KEY = OFF, ALLOW_ROW_LOCKS = ON, ALLOW_PAGE_LOCKS = ON) ON [PRIMARY]
) ON [PRIMARY]
GO
SET IDENTITY_INSERT [dbo].[Articles] ON 
GO
INSERT [dbo].[Articles] ([Id], [Subject]) VALUES (1, N'Article1')
GO
INSERT [dbo].[Articles] ([Id], [Subject]) VALUES (2, N'Article2')
GO
INSERT [dbo].[Articles] ([Id], [Subject]) VALUES (3, N'Article3')
GO
INSERT [dbo].[Articles] ([Id], [Subject]) VALUES (4, N'Article4')
GO
INSERT [dbo].[Articles] ([Id], [Subject]) VALUES (5, N'Article5')
GO
SET IDENTITY_INSERT [dbo].[Articles] OFF
GO
INSERT [dbo].[Articles_Tags] ([ArticleId], [TagId]) VALUES (1, 1)
GO
INSERT [dbo].[Articles_Tags] ([ArticleId], [TagId]) VALUES (1, 2)
GO
INSERT [dbo].[Articles_Tags] ([ArticleId], [TagId]) VALUES (2, 2)
GO
INSERT [dbo].[Articles_Tags] ([ArticleId], [TagId]) VALUES (2, 3)
GO
INSERT [dbo].[Articles_Tags] ([ArticleId], [TagId]) VALUES (3, 1)
GO
INSERT [dbo].[Articles_Tags] ([ArticleId], [TagId]) VALUES (5, 1)
GO
INSERT [dbo].[Articles_Tags] ([ArticleId], [TagId]) VALUES (5, 3)
GO
SET IDENTITY_INSERT [dbo].[Tags] ON 
GO
INSERT [dbo].[Tags] ([Id], [Name]) VALUES (1, N'Tag1')
GO
INSERT [dbo].[Tags] ([Id], [Name]) VALUES (2, N'Tag2')
GO
INSERT [dbo].[Tags] ([Id], [Name]) VALUES (3, N'Tag3')
GO
SET IDENTITY_INSERT [dbo].[Tags] OFF
GO
ALTER TABLE [dbo].[Articles_Tags]  WITH CHECK ADD  CONSTRAINT [FK_Articles_Tags_Articles] FOREIGN KEY([ArticleId])
REFERENCES [dbo].[Articles] ([Id])
GO
ALTER TABLE [dbo].[Articles_Tags] CHECK CONSTRAINT [FK_Articles_Tags_Articles]
GO
ALTER TABLE [dbo].[Articles_Tags]  WITH CHECK ADD  CONSTRAINT [FK_Articles_Tags_Tags] FOREIGN KEY([TagId])
REFERENCES [dbo].[Tags] ([Id])
GO
ALTER TABLE [dbo].[Articles_Tags] CHECK CONSTRAINT [FK_Articles_Tags_Tags]
GO
USE [master]
GO
ALTER DATABASE [Test] SET  READ_WRITE 
GO
